{
  "$schema": "https://json.schemastore.org/nest-cli",
  "collection": "@nestjs/schematics",
  "sourceRoot": "apps/sold-metrics-api/src",
  "compilerOptions": {
    "deleteOutDir": true,
    "webpack": true,
    "tsConfigPath": "apps/sold-metrics-api/tsconfig.app.json"
  },
  "monorepo": true,
  "root": "apps/sales",
  "projects": {
    "auth": {
      "type": "application",
      "root": "apps/auth",
      "entryFile": "main",
      "sourceRoot": "apps/auth/src",
      "compilerOptions": {
        "tsConfigPath": "apps/auth/tsconfig.app.json"
      }
    },
    "sales": {
      "type": "application",
      "root": "apps/sales",
      "entryFile": "main",
      "sourceRoot": "apps/sales/src",
      "compilerOptions": {
        "tsConfigPath": "apps/sales/tsconfig.app.json"
      }
    },
    "common": {
      "type": "library",
      "root": "libs/common",
      "entryFile": "index",
      "sourceRoot": "libs/common/src",
      "compilerOptions": {
        "tsConfigPath": "libs/common/tsconfig.lib.json"
      }
    },
    "sales-import": {
      "type": "application",
      "root": "apps/sales-import",
      "entryFile": "main",
      "sourceRoot": "apps/sales-import/src",
      "compilerOptions": {
        "tsConfigPath": "apps/sales-import/tsconfig.app.json"
      }
    },
    "notifications": {
      "type": "application",
      "root": "apps/notifications",
      "entryFile": "main",
      "sourceRoot": "apps/notifications/src",
      "compilerOptions": {
        "tsConfigPath": "apps/notifications/tsconfig.app.json"
      }
    }
  }
}